无人机编号,无人机运动方向(度),无人机运动速度(m/s),投放时刻t_drop(s),起爆时刻tE(s),投放点x(m),投放点y(m),投放点z(m),起爆点x(m),起爆点y(m),起爆点z(m),对应导弹,有效遮蔽时长(s)
FY1,180.64374571417537,120.0,1.5,5.1,17620.011361126024,-2.022344257010945,1800.0,17188.038627828486,-6.875970473837213,1736.496,M1,0.0
